{
  "timestamp": "2025-08-19T06:17:46.470Z",
  "system": {
    "cpu": {
      "usage": 56.75457089732549,
      "cores": 4,
      "load": [
        1.015174760445821,
        0.050601265165848286,
        1.2595558526892137
      ]
    },
    "memory": {
      "total": 8192,
      "used": 7912.33624270333,
      "available": 8179.7233043677825,
      "usage": 77.01763873723893
    },
    "disk": {
      "total": 100000,
      "used": 52168.24706793151,
      "available": 22248.774409382844,
      "usage": 66.02554416728101
    },
    "uptime": 806987,
    "processes": 51
  },
  "performance": {
    "n8n": {
      "status": "unhealthy",
      "responseTime": 0,
      "uptime": 0,
      "version": "unknown"
    },
    "database": {
      "status": "unknown",
      "connections": 0,
      "queryTime": 0
    },
    "api": {
      "status": "unknown",
      "responseTime": 0,
      "requestsPerMinute": 0
    }
  },
  "network": {
    "bandwidth": {
      "incoming": 7.918457397603618,
      "outgoing": 44.16805478627867,
      "total": 27.783641478565222
    },
    "connections": {
      "active": 67,
      "established": 38,
      "listening": 13
    },
    "latency": {
      "average": 23.349827864543997,
      "min": 10.262993858627624,
      "max": 87.12261133124098
    }
  },
  "alerts": []
}